{
    "2": {
        "p_L0": 0.5518726496988559,
        "p_T": 0.054599803942255186,
        "p_G": 0.15280419371172577,
        "p_S": 0.283730869533529
    },
    "47": {
        "p_L0": 0.6013625220910531,
        "p_T": 0.014042558179621297,
        "p_G": 0.40867179206667226,
        "p_S": 0.18451685429206904
    },
    "70": {
        "p_L0": 0.06346624756989107,
        "p_T": 0.015019466780714329,
        "p_G": 0.499,
        "p_S": 0.0011589602818238864
    },
    "77": {
        "p_L0": 0.39754629484887033,
        "p_T": 0.08645681608023378,
        "p_G": 0.12079644133569117,
        "p_S": 0.20032319869031429
    },
    "9": {
        "p_L0": 0.7883550125345102,
        "p_T": 0.12491825445144866,
        "p_G": 0.10592501614891726,
        "p_S": 0.24186815129207107
    },
    "12": {
        "p_L0": 0.6640535621547735,
        "p_T": 0.13995058441637595,
        "p_G": 0.08056906223174329,
        "p_S": 0.299
    },
    "15": {
        "p_L0": 0.6948304703163661,
        "p_T": 0.1583411284728467,
        "p_G": 0.3447804622067009,
        "p_S": 0.14337337647467427
    },
    "39": {
        "p_L0": 0.9158572649369723,
        "p_T": 0.16627959001546574,
        "p_G": 0.07737523387440379,
        "p_S": 0.27521383399867394
    },
    "65": {
        "p_L0": 0.5331471967466868,
        "p_T": 0.2609809161285262,
        "p_G": 0.13759183588113108,
        "p_S": 0.2458614028084561
    },
    "58": {
        "p_L0": 0.572877957853038,
        "p_T": 0.20568345019037726,
        "p_G": 0.33985048714231675,
        "p_S": 0.11850031705345915
    },
    "74": {
        "p_L0": 0.8368173816678998,
        "p_T": 0.02556813211753428,
        "p_G": 0.0859400414834095,
        "p_S": 0.23085292569526014
    },
    "85": {
        "p_L0": 0.5769401390502893,
        "p_T": 0.11685562410448733,
        "p_G": 0.4193326152742346,
        "p_S": 0.0808171717008278
    },
    "25": {
        "p_L0": 0.7713733540842848,
        "p_T": 0.15265628929607086,
        "p_G": 0.08755958748512155,
        "p_S": 0.1874574962852534
    },
    "18": {
        "p_L0": 0.8856774158607142,
        "p_T": 0.08263404171185813,
        "p_G": 0.12732199160002558,
        "p_S": 0.17687213675719832
    },
    "50": {
        "p_L0": 0.6444161341758682,
        "p_T": 0.06196286085705929,
        "p_G": 0.499,
        "p_S": 0.06789941832917726
    },
    "11": {
        "p_L0": 0.11300433983783559,
        "p_T": 0.022139982627742725,
        "p_G": 0.499,
        "p_S": 0.001
    },
    "13": {
        "p_L0": 0.5385110995130546,
        "p_T": 0.07360367663681723,
        "p_G": 0.32123663239449507,
        "p_S": 0.17388065436373967
    },
    "86": {
        "p_L0": 0.6011905690407707,
        "p_T": 0.3088000948505317,
        "p_G": 0.1492862790456967,
        "p_S": 0.15306180934490923
    },
    "311": {
        "p_L0": 0.5779643327589683,
        "p_T": 0.032977349389724,
        "p_G": 0.352111105573808,
        "p_S": 0.2274389106034349
    },
    "325": {
        "p_L0": 0.10674739676920525,
        "p_T": 0.07301237840393981,
        "p_G": 0.25114965008298107,
        "p_S": 0.299
    },
    "1": {
        "p_L0": 0.7373901964995924,
        "p_T": 0.11520411694732033,
        "p_G": 0.3712064535518645,
        "p_S": 0.15044695080203052
    },
    "10": {
        "p_L0": 0.8346359735216652,
        "p_T": 0.08629475923299483,
        "p_G": 0.24488638719010344,
        "p_S": 0.1931662597152395
    },
    "14": {
        "p_L0": 0.9226287657203515,
        "p_T": 0.3795550343267558,
        "p_G": 0.010721191693863149,
        "p_S": 0.06859338634527824
    },
    "27": {
        "p_L0": 0.6608618548815697,
        "p_T": 0.02074924003910267,
        "p_G": 0.41428974266546403,
        "p_S": 0.296488733252791
    },
    "34": {
        "p_L0": 0.05036000606125368,
        "p_T": 0.30202127489019814,
        "p_G": 0.18171269750210534,
        "p_S": 0.299
    },
    "40": {
        "p_L0": 0.9122273561677772,
        "p_T": 0.09932890975288436,
        "p_G": 0.15038325078210954,
        "p_S": 0.2698510939844317
    },
    "61": {
        "p_L0": 0.5871531283353562,
        "p_T": 0.20320044458907535,
        "p_G": 0.14679689062013052,
        "p_S": 0.17615259049865362
    },
    "67": {
        "p_L0": 0.5081165923135755,
        "p_T": 0.12975096812494857,
        "p_G": 0.34135633147868194,
        "p_S": 0.20845889843966658
    },
    "92": {
        "p_L0": 0.6981156776744307,
        "p_T": 0.019639336934968214,
        "p_G": 0.10628263094273432,
        "p_S": 0.23207915669636
    },
    "94": {
        "p_L0": 0.7191953766427887,
        "p_T": 0.13950291103736498,
        "p_G": 0.09779535479169783,
        "p_S": 0.299
    },
    "277": {
        "p_L0": 0.5768901923206557,
        "p_T": 0.010330935953149292,
        "p_G": 0.4058250456167059,
        "p_S": 0.121687936478171
    },
    "278": {
        "p_L0": 0.5579136795213061,
        "p_T": 0.08476951685099522,
        "p_G": 0.13861010089907813,
        "p_S": 0.19390189422501036
    },
    "279": {
        "p_L0": 0.9050728150059019,
        "p_T": 0.05851122504437691,
        "p_G": 0.20340047932436553,
        "p_S": 0.14853750768793164
    },
    "280": {
        "p_L0": 0.701878954822931,
        "p_T": 0.090491741284848,
        "p_G": 0.11578792562818137,
        "p_S": 0.1923156258962559
    },
    "301": {
        "p_L0": 0.5664895643343645,
        "p_T": 0.31799901729881774,
        "p_G": 0.01599426821265242,
        "p_S": 0.2863875939454845
    },
    "307": {
        "p_L0": 0.8811203110250787,
        "p_T": 0.0064191697172710895,
        "p_G": 0.19519316166497874,
        "p_S": 0.04656791779367016
    },
    "309": {
        "p_L0": 0.769434787312081,
        "p_T": 0.0918205482805641,
        "p_G": 0.0758095465802507,
        "p_S": 0.299
    },
    "69": {
        "p_L0": 0.13661476548473872,
        "p_T": 0.19032712758082124,
        "p_G": 0.13416712468703476,
        "p_S": 0.299
    },
    "76": {
        "p_L0": 0.15668128572515533,
        "p_T": 0.1552482568070233,
        "p_G": 0.060329154013822876,
        "p_S": 0.299
    },
    "79": {
        "p_L0": 0.4262120088628334,
        "p_T": 0.0374348946133508,
        "p_G": 0.4140800777868921,
        "p_S": 0.14924507214198848
    },
    "80": {
        "p_L0": 0.24677436123421384,
        "p_T": 0.6727160535424366,
        "p_G": 0.001773972142771001,
        "p_S": 0.1963406857744407
    },
    "81": {
        "p_L0": 0.25083276104720176,
        "p_T": 0.1125978929613068,
        "p_G": 0.22927277749557354,
        "p_S": 0.2643018683942249
    },
    "82": {
        "p_L0": 0.5985296340649442,
        "p_T": 0.16309894906922467,
        "p_G": 0.33412624961928417,
        "p_S": 0.09587070808122329
    },
    "84": {
        "p_L0": 0.15371227778880922,
        "p_T": 0.6986110155447772,
        "p_G": 0.11759052068914826,
        "p_S": 0.11726394392083907
    },
    "37": {
        "p_L0": 0.6005818408654872,
        "p_T": 0.05838058672150387,
        "p_G": 0.1266434322944541,
        "p_S": 0.299
    },
    "48": {
        "p_L0": 0.5961093820000675,
        "p_T": 0.09693951903439375,
        "p_G": 0.0909692105684164,
        "p_S": 0.28715251324614904
    },
    "101": {
        "p_L0": 0.33456427837739083,
        "p_T": 0.19005518137202543,
        "p_G": 0.45035642643945134,
        "p_S": 0.19490068702690688
    },
    "310": {
        "p_L0": 0.44894245494260354,
        "p_T": 0.11600491944725624,
        "p_G": 0.2835499802487277,
        "p_S": 0.26596344534960026
    },
    "312": {
        "p_L0": 0.39031878590337404,
        "p_T": 0.8839620519762438,
        "p_G": 0.42281378110123163,
        "p_S": 0.22586173248459326
    },
    "49": {
        "p_L0": 0.6417827277561206,
        "p_T": 0.07072782104570437,
        "p_G": 0.44078468935747434,
        "p_S": 0.09451524536136847
    },
    "51": {
        "p_L0": 0.8674466364079256,