{
    "2": {
        "p_L0": 0.47643754484731393,
        "p_T": 0.06666423555607892,
        "p_G": 0.18717982612343256,
        "p_S": 0.25916213470587973
    },
    "47": {
        "p_L0": 0.4541368703763494,
        "p_T": 0.050772236564011204,
        "p_G": 0.42162957917291566,
        "p_S": 0.15247908388521325
    },
    "70": {
        "p_L0": 0.10695871418527171,
        "p_T": 0.06406577104334528,
        "p_G": 0.4462556530716295,
        "p_S": 0.0385313817872832
    },
    "77": {
        "p_L0": 0.36095522274289105,
        "p_T": 0.09345341430564263,
        "p_G": 0.1286784162364497,
        "p_S": 0.1887108402082822
    },
    "9": {
        "p_L0": 0.6880720120323991,
        "p_T": 0.13128935383998724,
        "p_G": 0.19837402071639257,
        "p_S": 0.21761692418509512
    },
    "12": {
        "p_L0": 0.43066429052283123,
        "p_T": 0.12865917038898209,
        "p_G": 0.23985909601855848,
        "p_S": 0.24793540385582225
    },
    "15": {
        "p_L0": 0.6186875795040704,
        "p_T": 0.21442690591128205,
        "p_G": 0.3494271659381859,
        "p_S": 0.13397878648743713
    },
    "39": {
        "p_L0": 0.6388479789962329,
        "p_T": 0.2678001200881255,
        "p_G": 0.3364001774456279,
        "p_S": 0.2253654333399794
    },
    "65": {
        "p_L0": 0.37681558793309855,
        "p_T": 0.26009970089066303,
        "p_G": 0.24015569005456647,
        "p_S": 0.2209070443035756
    },
    "58": {
        "p_L0": 0.5597258646134822,
        "p_T": 0.2262435573035781,
        "p_G": 0.32678939297973825,
        "p_S": 0.1175313369927395
    },
    "74": {
        "p_L0": 0.7823901140004601,
        "p_T": 0.05008399734982042,
        "p_G": 0.07383611894255294,
        "p_S": 0.21501214128169602
    },
    "85": {
        "p_L0": 0.5908969290359308,
        "p_T": 0.1314624271666941,
        "p_G": 0.39055989738449487,
        "p_S": 0.08627827142833588
    },
    "25": {
        "p_L0": 0.7460333310936359,
        "p_T": 0.1537308066546975,
        "p_G": 0.11744090928998363,
        "p_S": 0.1762510767002609
    },
    "18": {
        "p_L0": 0.8363028118848261,
        "p_T": 0.10368058167237952,
        "p_G": 0.18415753619145475,
        "p_S": 0.16445834706081758
    },
    "50": {
        "p_L0": 0.6622373123872224,
        "p_T": 0.08181157292865253,
        "p_G": 0.4714849376545883,
        "p_S": 0.075906535497108
    },
    "11": {
        "p_L0": 0.06426762895637285,
        "p_T": 0.017981245894992802,
        "p_G": 0.687606160065501,
        "p_S": 1.198074282937035e-05
    },
    "13": {
        "p_L0": 0.4767300069427461,
        "p_T": 0.09449624478567376,
        "p_G": 0.3236363177593214,
        "p_S": 0.16288077826952835
    },
    "86": {
        "p_L0": 0.539966783331073,
        "p_T": 0.3035162154341561,
        "p_G": 0.20477664510132748,
        "p_S": 0.145883012047659
    },
    "311": {
        "p_L0": 0.30507937689045844,
        "p_T": 0.0809392870409359,
        "p_G": 0.3430538270893357,
        "p_S": 0.18078225108812884
    },
    "325": {
        "p_L0": 0.03635879077210191,
        "p_T": 0.15213075938855133,
        "p_G": 0.21991560226633655,
        "p_S": 0.36338873514350045
    },
    "1": {
        "p_L0": 0.6604182293532747,
        "p_T": 0.19793852168952383,
        "p_G": 0.3460416014459738,
        "p_S": 0.14358976707712037
    },
    "10": {
        "p_L0": 0.7751518419320752,
        "p_T": 0.11570156606669733,
        "p_G": 0.261186025777803,
        "p_S": 0.18062409319305545
    },
    "14": {
        "p_L0": 0.8746182741912153,
        "p_T": 0.4411525041269936,
        "p_G": 0.13110990210847845,
        "p_S": 0.05634620047504748
    },
    "27": {
        "p_L0": 0.3866278232610454,
        "p_T": 0.08754768711653887,
        "p_G": 0.44355138444102127,
        "p_S": 0.26720771057795284
    },
    "34": {
        "p_L0": 0.038499899579700715,
        "p_T": 0.2688807193633013,
        "p_G": 0.20032255721870496,
        "p_S": 0.22467911551373934
    },
    "40": {
        "p_L0": 0.8364684223821224,
        "p_T": 0.14062043831263368,
        "p_G": 0.2488898579184353,
        "p_S": 0.25452820458836695
    },
    "61": {
        "p_L0": 0.5063155413381611,
        "p_T": 0.19878337120957362,
        "p_G": 0.20971853130990492,
        "p_S": 0.1541476388096722
    },
    "67": {
        "p_L0": 0.41649622078648585,
        "p_T": 0.17192803395302733,
        "p_G": 0.35020371433831676,
        "p_S": 0.1988100175744314
    },
    "92": {
        "p_L0": 0.5901184373545473,
        "p_T": 0.029213486822426124,
        "p_G": 0.08432424475603836,
        "p_S": 0.20655152225812007
    },
    "94": {
        "p_L0": 0.5435167612081403,
        "p_T": 0.17882059824451085,
        "p_G": 0.18517303553466077,
        "p_S": 0.276964967101972
    },
    "277": {
        "p_L0": 0.5801281520342543,
        "p_T": 0.0591966708201485,
        "p_G": 0.32585946586139397,
        "p_S": 0.16511457562642196
    },
    "278": {
        "p_L0": 0.49068902131839326,
        "p_T": 0.0912574897719441,
        "p_G": 0.16130751884386532,
        "p_S": 0.16708345064726943
    },
    "279": {
        "p_L0": 0.862871942513062,
        "p_T": 0.07931493491620996,
        "p_G": 0.24521949071518162,
        "p_S": 0.13419366781943404
    },
    "280": {
        "p_L0": 0.5860921060313542,
        "p_T": 0.12587908431437592,
        "p_G": 0.1800043084804636,
        "p_S": 0.17001369643228317
    },
    "301": {
        "p_L0": 0.4283320332316337,
        "p_T": 0.2448009314627707,
        "p_G": 0.1582950440228196,
        "p_S": 0.22544951296219337
    },
    "307": {
        "p_L0": 0.41920710155194396,
        "p_T": 0.23072547374385588,
        "p_G": 0.6911907042905163,
        "p_S": 1e-06
    },
    "309": {
        "p_L0": 0.6470251792202932,
        "p_T": 0.11338962938051278,
        "p_G": 0.1380665964116074,
        "p_S": 0.25233105759902175
    },
    "69": {
        "p_L0": 0.11626568409242263,
        "p_T": 0.17517592058089942,
        "p_G": 0.1538154859461732,
        "p_S": 0.31699416248649387
    },
    "76": {
        "p_L0": 0.1358087242343654,
        "p_T": 0.1586907140039792,
        "p_G": 0.06696379179426212,
        "p_S": 0.31853246343956787
    },
    "79": {
        "p_L0": 0.4479943286223209,
        "p_T": 0.06374056120021682,
        "p_G": 0.3418559617008167,
        "p_S": 0.16744052901140893
    },
    "80": {
        "p_L0": 0.15646129631972416,
        "p_T": 0.631064688856267,
        "p_G": 0.09479472343691951,
        "p_S": 0.18419995144936682
    },
    "81": {
        "p_L0": 0.13871860293201652,
        "p_T": 0.1255089974745402,
        "p_G": 0.24395870082748278,
        "p_S": 0.20563781716388704
    },
    "82": {
        "p_L0": 0.598153265379376,
        "p_T": 0.1730820485449885,
        "p_G": 0.3203441110774893,
        "p_S": 0.09881903351271791
    },
    "84": {
        "p_L0": 0.12485230279495653,
        "p_T": 0.6727840608344076,
        "p_G": 0.15287464926398014,
        "p_S": 0.11348736809383886
    },
    "37": {
        "p_L0": 0.4566513733397811,
        "p_T": 0.08873443764841471,
        "p_G": 0.16062390195055606,
        "p_S": 0.25080962594417294
    },
    "48": {
        "p_L0": 0.5332668469693363,
        "p_T": 0.09304201097431819,
        "p_G": 0.13248867353479898,
        "p_S": 0.25563105485303567
    },
    "101": {
        "p_L0": 0.37450139323312776,
        "p_T": 0.20140400590571284,
        "p_G": 0.4253716680810169,
        "p_S": 0.19830078204939558
    },
    "310": {
        "p_L0": 0.3385168699597628,
        "p_T": 0.12627195524178728,
        "p_G": 0.30774649375115265,
        "p_S": 0.23316549640857268
    },
    "312": {
        "p_L0": 0.37800687465498467,
        "p_T": 0.4433603796994015,
        "p_G": 0.470154481716523,
        "p_S": 0.1945465152624009
    },
    "49": {
        "p_L0": 0.6343072491634397,
        "p_T": 0.09167412019237624,